name,price,ram,storage,battery_mah,screen_size_inch,resolution_width,resolution_height,rear_camera_mp,front_camera_mp
OnePlus Nord CE 2 Lite 5G,18999,6,128,5000,6.59,1080.0,2412.0,64.0,16.0
Samsung Galaxy A14 5G,16499,4,64,5000,6.6,1080.0,2408.0,50.0,13.0
Samsung Galaxy F23 5G (6GB RAM + 128GB),16999,6,128,5000,6.6,1080.0,2408.0,50.0,8.0
Motorola Moto G62 5G,14999,6,128,5000,6.55,1080.0,2400.0,50.0,16.0
Realme 10 Pro Plus,24999,6,128,5000,6.7,1080.0,2412.0,108.0,16.0
Apple iPhone 14,66999,6,128,3279,6.1,1170.0,2532.0,12.0,12.0
Xiaomi Redmi Note 12 Pro Plus,29999,8,256,4980,6.67,1080.0,2400.0,200.0,16.0
Oppo A78,18999,8,128,5000,6.56,720.0,1612.0,50.0,8.0
OnePlus Nord 2T 5G,28900,8,128,4500,6.43,1080.0,2400.0,50.0,32.0
Samsung Galaxy A23,18499,6,128,5000,6.6,1080.0,2408.0,50.0,8.0
Realme 10 Pro,18999,6,128,5000,6.72,1080.0,2400.0,108.0,16.0
Xiaomi Redmi Note 12 Pro 5G,24789,6,128,5000,6.67,1080.0,2400.0,50.0,16.0
Nothing Phone 1,26749,8,128,4500,6.55,1080.0,2400.0,50.0,16.0
Vivo T1 5G (6GB RAM + 128GB),16990,6,128,5000,6.58,1080.0,2408.0,50.0,16.0
Apple iPhone 13,61999,4,128,3240,6.1,1170.0,2532.0,12.0,12.0
Vivo Y16,9999,3,32,5000,6.51,720.0,1600.0,13.0,5.0
Xiaomi Redmi Note 12,17849,4,128,5000,6.67,1080.0,2400.0,48.0,13.0
Vivo V25 Pro 5G,35999,8,128,4830,6.56,1080.0,2376.0,64.0,32.0
OnePlus 10R 5G,32999,8,128,5000,6.7,1080.0,2412.0,50.0,16.0
Samsung Galaxy S20 FE 5G,31266,8,128,4500,6.5,1080.0,2400.0,12.0,32.0
Vivo Y22,14499,4,64,5000,6.55,720.0,1612.0,50.0,8.0
OnePlus Nord CE 2 Lite 5G (8GB RAM + 128GB),21999,8,128,5000,6.59,1080.0,2412.0,64.0,16.0
Poco X4 Pro 5G,14999,6,64,5000,6.67,1080.0,2400.0,64.0,16.0
Realme 10 Pro (8GB RAM + 128GB),19999,8,128,5000,6.72,1080.0,2400.0,108.0,16.0
Vivo V25 5G,27999,8,128,4500,6.44,1080.0,2408.0,64.0,50.0
Samsung Galaxy M33 5G,17390,6,128,6000,6.6,1080.0,2400.0,50.0,8.0
Apple iPhone 14 Pro Max,129990,6,128,4323,6.7,1290.0,2796.0,48.0,12.0
Samsung Galaxy M53 5G,23980,6,128,5000,6.7,1080.0,2400.0,108.0,32.0
Apple iPhone 11,38999,4,64,3110,6.1,828.0,1792.0,12.0,12.0
Samsung Galaxy S22 Ultra 5G,92850,12,256,5000,6.8,1440.0,3080.0,108.0,40.0
Samsung Galaxy S21 FE 5G,39999,8,128,4500,6.4,1080.0,2340.0,12.0,32.0
Realme 10 Pro Plus (8GB RAM + 256GB),27999,8,256,5000,6.7,1080.0,2412.0,108.0,16.0
Motorola Moto G32,10499,4,64,5000,6.55,1080.0,2400.0,50.0,16.0
Motorola Edge 20 Fusion 5G,18999,6,128,5000,6.67,1080.0,2400.0,108.0,32.0
Xiaomi Redmi Note 11 Pro Plus 5G,19999,6,128,5000,6.67,1080.0,2400.0,108.0,16.0
Vivo Y16 (4GB RAM + 64GB),12489,4,64,5000,6.51,720.0,1600.0,13.0,5.0
Xiaomi Redmi Note 11,11946,4,64,5000,6.43,1080.0,2400.0,50.0,13.0
Samsung Galaxy A14 5G (6GB RAM + 128GB),18999,6,128,5000,6.6,1080.0,2408.0,50.0,13.0
Vivo Y35,18499,8,128,5000,6.58,1080.0,2408.0,50.0,16.0
Realme 10,13999,4,64,5000,6.4,1080.0,2400.0,50.0,16.0
Motorola Moto G82 5G,18999,6,128,5000,6.6,1080.0,2400.0,50.0,16.0
Samsung Galaxy F23 5G,15999,4,128,5000,6.6,1080.0,2408.0,50.0,8.0
Realme 9i 5G,14918,4,64,5000,6.6,1080.0,2408.0,50.0,8.0
Apple iPhone 14 Plus,76999,6,128,4325,6.7,1284.0,2778.0,12.0,12.0
Realme C33,8999,3,32,5000,6.5,720.0,1600.0,50.0,5.0
Motorola Moto G72 4G,15999,6,128,5000,6.55,1080.0,2400.0,108.0,16.0
Poco M4 Pro 5G (6GB RAM + 128GB),14999,6,128,5000,6.6,1080.0,2400.0,50.0,16.0
Xiaomi Redmi Note 10S,10999,6,64,5000,6.43,1080.0,2400.0,64.0,13.0
Samsung Galaxy A14 5G (8GB RAM + 128GB),20999,8,128,5000,6.6,1080.0,2408.0,50.0,13.0
Xiaomi Redmi Note 12 Pro Plus (12GB RAM + 256GB),32999,12,256,4980,6.67,1080.0,2400.0,200.0,16.0
Samsung Galaxy A23 5G,22999,6,128,5000,6.6,1080.0,2408.0,50.0,8.0
Vivo Y22 (6GB RAM + 128GB),16499,6,128,5000,6.55,720.0,1612.0,50.0,8.0
OnePlus 10 Pro 5G,60999,8,128,5000,6.7,1440.0,3216.0,50.0,32.0
Xiaomi Redmi Note 10T 5G (6GB RAM +128GB),13999,6,128,5000,6.5,1080.0,2400.0,48.0,8.0
OPPO A17K,9499,3,64,5000,6.56,720.0,1612.0,8.0,5.0
Apple iPhone 13 Pro,119900,6,128,3095,6.1,1170.0,2532.0,12.0,12.0
iQOO Z6 Lite 5G,13850,4,64,5000,6.58,1080.0,2408.0,50.0,8.0
Vivo V23 5G (12GB RAM + 256GB),27994,12,256,4200,6.44,1080.0,2400.0,64.0,0.0
Xiaomi Redmi 10A (4GB RAM + 64GB),8388,4,64,5000,6.53,720.0,1600.0,13.0,5.0
Vivo T1 5G (8GB RAM + 128GB),19990,8,128,5000,6.58,1080.0,2408.0,50.0,16.0
Realme 9i,12499,4,64,5000,6.6,1080.0,2412.0,50.0,16.0
Samsung Galaxy M13 5G,13999,6,128,5000,6.5,720.0,1600.0,50.0,5.0
Motorola Edge 30 5G,22999,6,128,4020,6.5,1080.0,2400.0,50.0,32.0
Vivo Y21 2021,13489,4,64,5000,6.51,720.0,1600.0,13.0,8.0
Realme 9 5G,13999,4,64,5000,6.5,1080.0,2400.0,48.0,16.0
Xiaomi Redmi K50i 5G,22999,6,128,5080,6.6,1080.0,2460.0,64.0,16.0
Xiaomi Redmi Note 11 (6GB RAM + 128GB),13999,6,128,5000,6.43,1080.0,2400.0,50.0,13.0
Realme 10 Pro Plus (8GB RAM + 128GB),25999,8,128,5000,6.7,1080.0,2412.0,108.0,16.0
iQOO 11 5G,59999,8,256,5000,6.78,1440.0,3200.0,50.0,16.0
OPPO K10 5G,16999,8,128,5000,6.56,720.0,1612.0,48.0,8.0
OPPO F19 Pro Plus 5G,19990,8,128,4310,6.43,1080.0,2400.0,48.0,16.0
OPPO A17,12499,4,64,5000,6.56,720.0,1612.0,50.0,5.0
OnePlus 10T,44999,8,128,4800,6.7,1080.0,2412.0,50.0,16.0
Vivo T1 5G,15990,4,128,5000,6.58,1080.0,2408.0,50.0,16.0
Samsung Galaxy M33 5G (8GB RAM + 128GB),19499,8,128,6000,6.6,1080.0,2400.0,50.0,8.0
Samsung Galaxy A73 5G,41999,8,128,5000,6.7,1080.0,2400.0,108.0,32.0
Xiaomi Redmi A1,5699,2,32,5000,6.52,720.0,1600.0,8.0,5.0
iQOO Z6 Pro 5G,22890,6,128,4700,6.44,1080.0,2404.0,64.0,16.0
Motorola Moto G62 (8GB RAM + 128GB),16499,8,128,5000,6.55,1080.0,2400.0,50.0,16.0
OnePlus 10R 5G (12GB RAM + 256GB),36999,12,256,5000,6.7,1080.0,2412.0,50.0,16.0
Samsung Galaxy A53 5G,31999,6,128,5000,6.5,1080.0,2400.0,64.0,32.0
Realme C33 (4GB RAM + 64GB),9999,4,64,5000,6.5,720.0,1600.0,50.0,5.0
Apple iPhone 14 Pro,119990,6,128,3200,6.1,1179.0,2556.0,48.0,12.0
Google Pixel 6A,29999,6,128,4410,6.14,1080.0,2400.0,12.2,8.0
Samsung Galaxy S22 5G,49999,8,128,3700,6.1,1080.0,2340.0,50.0,10.0
OPPO Reno8 5G,29349,8,128,4500,6.43,1080.0,2400.0,50.0,32.0
Motorola Moto G42,10999,4,64,5000,6.47,1080.0,2400.0,50.0,16.0
Vivo T1 44W (6GB RAM + 128GB),15999,6,128,5000,6.44,1080.0,2408.0,50.0,16.0
Realme 9 4G,16499,6,128,5000,6.4,1080.0,2400.0,108.0,16.0
Infinix Note 12 Pro 5G,16999,8,128,5000,6.7,1080.0,2400.0,108.0,16.0
Tecno Phantom X2,39999,8,256,5160,6.8,1080.0,2400.0,64.0,32.0
Samsung Galaxy M53 5G (8GB RAM + 128GB),24990,8,128,5000,6.7,1080.0,2400.0,108.0,32.0
Motorola Edge 30 Pro 5G,34999,8,128,4800,6.7,1080.0,2400.0,50.0,60.0
Apple iPhone 11 (128GB),46999,4,128,3110,6.1,828.0,1792.0,12.0,12.0
Vivo V23 5G,24994,8,128,4200,6.44,1080.0,2400.0,64.0,0.0
Xiaomi Redmi 11 Prime 5G,13290,4,64,5000,6.58,1080.0,2408.0,50.0,5.0
Samsung Galaxy A33 5G,25999,6,128,5000,6.4,1080.0,2400.0,48.0,13.0
Motorola Moto E40,7999,4,64,5000,6.5,720.0,1600.0,48.0,8.0
Xiaomi Redmi Note 10 Lite,9999,4,64,5020,6.67,1080.0,2400.0,48.0,16.0
Poco X4 Pro 5G (6GB RAM + 128GB),16499,6,128,5000,6.67,1080.0,2400.0,64.0,16.0
iQOO Neo 6 5G,28998,8,128,4700,6.62,1080.0,2400.0,64.0,16.0
Poco M4 Pro 5G,12999,4,64,5000,6.6,1080.0,2400.0,50.0,16.0
Realme C35 (6GB RAM + 128GB),13840,6,128,5000,6.6,1080.0,2408.0,50.0,8.0
iQOO Z6 5G,15499,4,128,5000,6.58,1080.0,2408.0,50.0,16.0
Xiaomi Redmi Note 12 (6GB RAM + 128GB),19988,6,128,5000,6.67,1080.0,2400.0,48.0,13.0
Samsung Galaxy F04,8499,4,64,5000,6.5,720.0,1600.0,13.0,5.0
Motorola Moto G52,11999,4,64,5000,6.6,2460.0,1080.0,50.0,16.0
Xiaomi Redmi 10,9580,4,64,6000,6.7,720.0,1600.0,50.0,5.0
OPPO K10,13990,6,128,5000,6.59,1080.0,2412.0,50.0,16.0
Xiaomi Redmi Note 11 Pro Plus 5G (8GB RAM + 256GB),22999,8,256,5000,6.67,1080.0,2400.0,108.0,16.0
Nothing Phone 1 (8GB RAM + 256GB),28249,8,256,4500,6.55,1080.0,2400.0,50.0,16.0
Samsung Galaxy F13,10999,4,64,6000,6.6,2408.0,1080.0,50.0,8.0
iQOO 7,24990,8,128,4400,6.62,1080.0,2400.0,48.0,16.0
Realme C30,5549,2,32,5000,6.5,720.0,1600.0,8.0,5.0
OPPO F21 Pro 5G,25969,8,128,4500,6.43,1080.0,2400.0,64.0,16.0
iQOO 9 SE 5G,30990,8,128,4500,6.62,1080.0,2400.0,48.0,16.0
Realme Narzo 50 Pro 5G,20450,6,128,5000,6.4,1080.0,2400.0,48.0,16.0
Xiaomi Redmi Note 10S (6GB RAM + 128GB),11999,6,128,5000,6.43,1080.0,2400.0,64.0,13.0
Apple iPhone 13 Pro Max,129900,6,128,4352,6.7,1284.0,2778.0,12.0,12.0
Realme 10 (8GB RAM + 128GB),16999,8,128,5000,6.4,1080.0,2400.0,50.0,16.0
OnePlus Nord 2T (12GB RAM + 256GB),33900,12,256,4500,6.43,1080.0,2400.0,50.0,32.0
Infinix Hot 20,11499,4,64,5000,6.6,1080.0,2408.0,50.0,8.0
Samsung Galaxy Z Flip 3,69999,8,128,3300,6.7,1080.0,2640.0,0.0,0.0
OPPO A77s,17999,8,128,5000,6.56,720.0,1600.0,50.0,8.0
Xiaomi Redmi Note 11SE,11999,6,64,5000,6.43,1080.0,2400.0,64.0,13.0
Realme C35,11843,4,64,5000,6.6,1080.0,2408.0,50.0,8.0
iQOO Z6 Lite (6GB RAM + 128GB),15499,6,128,5000,6.58,1080.0,2408.0,50.0,8.0
Motorola Moto G82 (8GB RAM + 128GB),20499,8,128,5000,6.6,1080.0,2400.0,50.0,16.0
Vivo Y75 5G,21990,8,128,5000,6.58,1080.0,2408.0,50.0,16.0
Poco M4 5G,11499,4,64,5000,6.58,1080.0,2400.0,50.0,8.0
Samsung Galaxy A13,14450,4,64,5000,6.6,1080.0,2408.0,50.0,8.0
Motorola Edge 30 Fusion 5G,39999,8,128,4400,6.55,1080.0,2400.0,50.0,32.0
POCO M4 Pro 4G,11999,6,64,5000,6.43,1080.0,2400.0,64.0,16.0
OPPO A74 5G,15490,6,128,5000,6.5,1080.0,2400.0,48.0,8.0
Xiaomi Redmi Note 12 Pro (8GB RAM + 256GB),27999,8,256,5000,6.67,1080.0,2400.0,50.0,16.0
Vivo V25 (12GB RAM + 256GB),31999,12,256,4500,6.44,1080.0,2408.0,64.0,50.0
Vivo V25 Pro (12GB RAM + 256GB),39999,12,256,4830,6.56,1080.0,2376.0,64.0,32.0
Samsung Galaxy M04,8499,4,64,5000,6.5,720.0,1600.0,13.0,5.0
Xiaomi Redmi 10 Power,11999,8,128,6000,6.7,720.0,1650.0,50.0,5.0
Motorola Edge 30 Ultra,54999,8,128,4610,6.67,1080.0,2400.0,200.0,60.0
Realme 9 Pro Plus 5G,25890,6,128,4500,6.4,1080.0,2400.0,50.0,16.0
Tecno Pova 4,11999,8,128,6000,6.82,720.0,1600.0,50.0,8.0
Poco X4 Pro 5G (8GB RAM + 128GB),17999,8,128,5000,6.67,1080.0,2400.0,64.0,16.0
Vivo V23 Pro 5G,31994,8,128,4300,6.56,1080.0,2376.0,108.0,0.0
Lava Blaze 5G,10999,4,128,5000,6.5,1600.0,720.0,50.0,8.0
Motorola Moto G52 (6GB RAM + 128GB),12999,6,128,5000,6.6,2460.0,1080.0,50.0,16.0
Realme GT Neo 3T,25999,6,128,5000,6.62,1080.0,2400.0,64.0,16.0
Xiaomi Redmi Note 11 (6GB RAM + 64GB),12199,6,64,5000,6.43,1080.0,2400.0,50.0,13.0
Google Pixel 7 Pro 5G,81999,12,128,5000,6.7,1440.0,3120.0,50.0,10.8
Tecno Pova 3,9999,4,64,7000,6.95,1080.0,2460.0,50.0,8.0
Realme 9 Pro 5G,18999,6,128,5000,6.6,1080.0,2412.0,64.0,16.0
Tecno Phantom X2 Pro,49999,12,256,5160,6.8,1080.0,2400.0,50.0,32.0
Apple iPhone 14 Pro Max (256GB),139990,6,256,4323,6.7,1290.0,2796.0,48.0,12.0
Vivo T1x 4G,11999,4,64,5000,6.58,1080.0,2408.0,50.0,8.0
Realme 9 5G (6GB RAM + 128GB),15499,6,128,5000,6.5,1080.0,2400.0,48.0,16.0
Realme 9i 5G (6GB RAM + 128GB),16998,6,128,5000,6.6,1080.0,2408.0,50.0,8.0
Nothing Phone 1 (12GB RAM + 256GB),35999,12,256,4500,6.55,1080.0,2400.0,50.0,16.0
OPPO A57 4G (4GB RAM + 64 GB),13969,4,64,5000,6.56,720.0,1612.0,13.0,8.0
iKall Z19 Pro,7999,4,64,5000,6.5,720.0,1600.0,13.0,8.0
OPPO Reno 8 Pro 5G,45999,12,256,4500,6.7,1080.0,2412.0,50.0,32.0
OnePlus 10 Pro 5G (12GB RAM + 256GB),65499,12,256,5000,6.7,1440.0,3216.0,50.0,32.0
POCO C31 (4GB RAM + 64GB),7749,4,64,5000,6.53,720.0,1600.0,13.0,5.0
Xiaomi 12 Pro 5G,50990,8,256,4600,6.73,1440.0,3200.0,50.0,32.0
Vivo Y16 (3GB RAM + 64GB),10499,3,64,5000,6.51,720.0,1600.0,13.0,5.0
OPPO F21s Pro 4G,21979,8,128,4500,6.43,1080.0,2400.0,64.0,32.0
Vivo T1 44W,14499,4,128,5000,6.44,1080.0,2408.0,50.0,16.0
Realme Narzo 50,10999,4,64,5000,6.6,1080.0,2412.0,50.0,16.0
Apple iPhone 14 (256GB),76999,6,256,3279,6.1,1170.0,2532.0,12.0,12.0
Motorola Edge 30 5G (8GB RAM + 128GB),24999,8,128,4020,6.5,1080.0,2400.0,50.0,32.0
Xiaomi Redmi Note 11T 5G (6GB RAM + 128GB),16999,6,128,5000,6.6,1080.0,2400.0,50.0,16.0
Infinix Zero 20,17999,8,128,4500,6.7,1080.0,2400.0,108.0,60.0
Infinix Zero Ultra,36999,8,256,4500,6.8,1080.0,2400.0,200.0,32.0
Google Pixel 7 5G,52020,8,128,4355,6.3,1080.0,2400.0,50.0,10.8
Xiaomi Redmi Note 10T 5G,12999,4,64,5000,6.5,1080.0,2400.0,48.0,8.0
Samsung Galaxy S22 Plus 5G,67330,8,128,4500,6.6,1080.0,2340.0,50.0,10.0
Infinix Note 12 5G,13999,6,64,5000,6.7,1080.0,2400.0,50.0,16.0
Realme Narzo 50 5G,17999,6,128,5000,6.6,1080.0,2400.0,48.0,16.0
Vivo Y02,8999,3,32,5000,6.51,720.0,1600.0,8.0,5.0
Vivo Y75 4G,18940,8,128,4050,6.44,1080.0,2400.0,50.0,44.0
Poco M4 5G (6GB RAM + 128GB),13499,6,128,5000,6.58,1080.0,2400.0,50.0,8.0
Realme 9 5G SE (8GB RAM + 128GB),22999,8,128,5000,6.6,1080.0,2412.0,48.0,16.0
Tecno Pova 5G,15499,8,128,6000,6.9,1080.0,2460.0,50.0,16.0
Samsung Galaxy A04e,9299,3,32,5000,6.5,720.0,1600.0,13.0,5.0
Vivo T1 Pro 5G (8GB RAM + 128GB),24999,8,128,4700,6.44,1080.0,2404.0,64.0,16.0
iQOO Z6 5G (6GB RAM + 128GB),16930,6,128,5000,6.58,1080.0,2408.0,50.0,16.0
Google Pixel 6 Pro,53500,12,128,5003,6.71,1440.0,3120.0,50.0,11.1
Xiaomi Redmi Note 12 Pro (8GB RAM + 128GB),26999,8,128,5000,6.67,1080.0,2400.0,50.0,16.0
Samsung Galaxy A23 5G (8GB RAM + 128GB),24999,8,128,5000,6.6,1080.0,2408.0,50.0,8.0
Samsung Galaxy A53 (8GB RAM + 256GB),36499,8,256,5000,6.5,1080.0,2400.0,64.0,32.0
Motorola Edge 30 Ultra (12GB RAM + 256GB),59999,12,256,4610,6.67,1080.0,2400.0,200.0,60.0
Xiaomi Redmi Note 11 Pro Plus 5G (8GB RAM + 128GB),22940,8,128,5000,6.67,1080.0,2400.0,108.0,16.0
Xiaomi Mi 11 Lite NE 5G,22316,6,128,4250,6.55,1080.0,2400.0,64.0,20.0
Apple iPhone 13 Mini,64900,4,128,2438,5.4,1080.0,2340.0,12.0,12.0
Realme C31 (4GB RAM + 64GB),8999,4,64,5000,6.52,720.0,1600.0,13.0,5.0
OPPO Reno7 Pro 5G,31994,12,256,4500,6.55,1080.0,2400.0,50.0,32.0
Motorola Moto G31,9999,4,64,5000,6.47,1080.0,2400.0,50.0,13.0
Xiaomi Redmi 11 Prime 5G (6GB RAM + 128GB),15973,6,128,5000,6.58,1080.0,2408.0,50.0,5.0
Vivo V23e 5G,21994,8,128,4050,6.44,1080.0,2400.0,50.0,44.0
POCO C31,6499,3,32,5000,6.53,720.0,1600.0,13.0,5.0
Infinix Hot 20 (6GB RAM+ 128GB),13499,6,128,5000,6.6,1080.0,2408.0,50.0,8.0
Samsung Galaxy A23 (8GB RAM + 128GB),19999,8,128,5000,6.6,1080.0,2408.0,50.0,8.0
Poco M4 Pro 5G (8GB RAM + 128GB),15999,8,128,5000,6.6,1080.0,2400.0,50.0,16.0
iQOO 11 (16GB RAM + 256GB),64999,16,256,5000,6.78,1440.0,3200.0,50.0,16.0
Xiaomi Redmi K50i (8GB RAM + 256GB),25999,8,256,5080,6.6,1080.0,2460.0,64.0,16.0
Xiaomi Redmi Note 10 Pro (6GB RAM + 128GB),17999,6,128,5020,6.67,1080.0,2400.0,64.0,16.0
Tecno Pova 3 (6GB RAM + 128GB),13890,6,128,7000,6.9,1080.0,2460.0,50.0,8.0
Samsung Galaxy S22 Ultra 5G (12GB RAM + 512GB),118999,12,512,5000,6.8,1440.0,3080.0,108.0,40.0
Motorola Moto G51 5G,12999,4,64,5000,6.8,1080.0,2400.0,50.0,13.0
Xiaomi Redmi 9 Activ,7499,4,64,5000,6.53,720.0,1600.0,13.0,5.0
Xiaomi Redmi 10A,7499,3,32,5000,6.53,720.0,1600.0,13.0,5.0
Vivo Y01A,7790,2,32,5000,6.51,720.0,1600.0,8.0,5.0
OnePlus 10T (16GB RAM + 256GB),53400,16,256,4800,6.7,1080.0,2412.0,50.0,16.0
Samsung Galaxy M13 5G (4GB RAM + 64GB),12973,4,64,5000,6.5,720.0,1600.0,50.0,5.0
Tecno Spark 9,8999,6,128,5000,6.6,720.0,1600.0,13.0,8.0
Samsung Galaxy A32 (8GB RAM + 128GB),16499,8,128,5000,6.4,1080.0,2400.0,64.0,20.0
OPPO Reno7 5G,25994,8,256,4500,6.43,1080.0,2400.0,64.0,32.0
Realme C30 (3GB RAM + 32GB),6549,3,32,5000,6.5,720.0,1600.0,8.0,5.0
iQOO Z6 Pro 5G (8GB RAM + 128GB),23399,8,128,4700,6.44,1080.0,2404.0,64.0,16.0
Poco F4 5G,27999,6,128,4500,6.67,1080.0,2400.0,64.0,20.0
Motorola Moto G71 5G,16999,6,128,5000,6.4,1080.0,2400.0,50.0,16.0
Realme C11 2021 (4GB RAM + 64GB),7749,4,64,5000,6.52,720.0,1600.0,8.0,5.0
iQOO 9 5G,34990,8,128,4350,6.56,1080.0,2376.0,48.0,16.0
Vivo T1x (6GB RAM + 128GB),14999,6,128,5000,6.58,1080.0,2408.0,50.0,8.0
Samsung Galaxy A04,11999,4,64,5000,6.5,720.0,1600.0,50.0,5.0
Samsung Galaxy A73 5G (8GB RAM + 256GB),44999,8,256,5000,6.7,1080.0,2400.0,108.0,32.0
Samsung Galaxy A33 5G (8GB RAM + 128GB),27499,8,128,5000,6.4,1080.0,2400.0,48.0,13.0
Infinix Note 12,10499,4,64,5000,6.7,2400.0,1080.0,50.0,16.0
Xiaomi Redmi 9i Sport,7499,4,64,5000,6.53,720.0,1600.0,13.0,5.0
Xiaomi Redmi 10 (6GB RAM + 128GB),11999,6,128,6000,6.7,720.0,1600.0,50.0,5.0
Vivo Y93,18000,4,32,4030,6.2,1520.0,720.0,13.0,8.0
Infinix Hot 20 Play,8199,4,64,6000,6.82,720.0,1640.0,13.0,8.0
Apple iPhone 14 Plus (256GB),86999,6,256,4325,6.7,1284.0,2778.0,12.0,12.0
Realme 9 4G (8GB RAM + 128GB),16990,8,128,5000,6.4,1080.0,2400.0,108.0,16.0
Samsung Galaxy A13 (4GB RAM + 128GB),15499,4,128,5000,6.6,1080.0,2408.0,50.0,8.0
Samsung Galaxy A53 5G (8GB RAM + 128GB),33499,8,128,5000,6.5,1080.0,2400.0,64.0,32.0
Infinix Note 12 Pro,14999,8,256,5000,6.7,1080.0,2400.0,108.0,16.0
Xiaomi Redmi Note 10S (8GB RAM + 128GB),13999,8,128,5000,6.43,1080.0,2400.0,64.0,13.0
Samsung Galaxy A03 Core,6499,2,32,5000,6.5,720.0,1600.0,8.0,5.0
Samsung Galaxy Z Fold 4,146999,12,256,4400,7.6,1812.0,2176.0,0.0,0.0
Apple iPhone 13 (256GB),71999,4,256,3240,6.1,1170.0,2532.0,12.0,12.0
Samsung Galaxy S20 FE,33699,8,128,4500,6.5,1080.0,2400.0,12.0,32.0
Xiaomi Redmi 10A Sport,9999,6,128,5000,6.53,720.0,1600.0,13.0,5.0
Samsung Galaxy M13,12999,6,128,6000,6.6,1080.0,2400.0,50.0,8.0
Realme 9 Pro 5G (8GB RAM + 128GB),20999,8,128,5000,6.6,1080.0,2412.0,64.0,16.0
Realme 8 5G (8GB RAM + 128GB),18499,8,128,5000,6.5,1080.0,2400.0,48.0,16.0
Google Pixel 6,40380,8,128,4614,6.4,1080.0,2400.0,50.0,8.0
Samsung Galaxy S10 Plus,42999,8,128,4100,6.4,1440.0,3040.0,16.0,0.0
OPPO F21s Pro,24990,8,128,4500,6.43,1080.0,2400.0,64.0,16.0
OPPO A77,15499,4,64,5000,6.56,720.0,1600.0,50.0,8.0
Tecno Spark 9 (4GB RAM + 64GB),7999,4,64,5000,6.6,720.0,1600.0,13.0,8.0
Xiaomi Redmi Note 11S,14590,6,64,5000,6.43,1080.0,2400.0,108.0,16.0
Jio JioPhone Next,5099,2,32,3500,5.45,720.0,1440.0,13.0,8.0
Samsung Galaxy S21 Ultra,105999,12,256,5000,6.8,1440.0,3200.0,108.0,40.0
Google Pixel 4,20499,6,64,2800,5.7,1080.0,2280.0,16.0,0.0
Realme C30s,7145,2,32,5000,6.5,720.0,1600.0,8.0,5.0
Poco F4 (12GB RAM + 256GB),29999,12,256,4500,6.67,1080.0,2400.0,64.0,20.0
Motorola Moto G22,9499,4,64,5000,6.53,720.0,1600.0,50.0,16.0
Motorola Moto G60,15999,6,128,6000,6.78,1080.0,2460.0,108.0,32.0
iQOO Z6 5G (8GB RAM + 128GB),18498,8,128,5000,6.58,1080.0,2408.0,50.0,16.0
POCO M4 Pro 4G (6GB RAM + 128GB),12999,6,128,5000,6.43,1080.0,2400.0,64.0,16.0
Xiaomi Redmi Note 11T 5G (8GB RAM + 128GB),18499,8,128,5000,6.6,1080.0,2400.0,50.0,16.0
Poco C50,6499,2,32,5000,6.52,720.0,1600.0,8.0,5.0
Tecno Camon 19 Pro 5G,21999,8,128,5000,6.8,1080.0,2460.0,64.0,16.0
Tecno Spark 8C (4GB RAM + 64GB),8890,4,64,5000,6.6,720.0,1612.0,13.0,8.0
Realme GT 2 5G,28994,8,128,5000,6.62,1080.0,2400.0,50.0,16.0
Xiaomi Mi 11i 5G,23499,6,128,5160,6.67,2400.0,1080.0,108.0,16.0
Samsung Galaxy A71,22494,8,128,4500,6.7,1080.0,2400.0,64.0,32.0
Realme 9 5G SE,19999,6,128,5000,6.6,1080.0,2412.0,48.0,16.0
Xiaomi Mi 11X,23990,6,128,4520,6.67,1080.0,2400.0,48.0,20.0
OPPO Reno 6 Pro 5G,36760,12,256,4500,6.55,1080.0,2400.0,64.0,32.0
Samsung Galaxy M32 Prime Edition,12120,4,64,6000,6.4,1080.0,2400.0,64.0,20.0
OPPO F21 Pro 4G,20999,8,128,4500,6.5,1080.0,2400.0,64.0,32.0
Vivo T1 Pro,23999,6,128,4700,6.44,1080.0,2404.0,64.0,16.0
Realme 9 Pro Plus 5G (8GB RAM + 128GB),22994,8,128,4500,6.4,1080.0,2400.0,50.0,16.0
Samsung Galaxy A04s,13499,4,64,5000,6.5,720.0,1600.0,50.0,5.0
Samsung Galaxy S21 FE 5G (8GB RAM + 256GB),43999,8,256,4500,6.4,1080.0,2340.0,12.0,32.0
OnePlus 9 Pro,64800,8,128,4500,6.7,1440.0,3216.0,48.0,16.0
Poco X3,13499,6,64,6000,6.67,1080.0,2400.0,64.0,20.0
Lyf Earth 1,3990,3,32,3500,5.5,1080.0,1920.0,13.0,5.0
Tecno Camon 19 Pro Mondrian Edition,17999,8,128,5000,6.8,1080.0,2460.0,64.0,32.0
OnePlus 10T (12GB RAM + 256GB),50999,12,256,4800,6.7,1080.0,2412.0,50.0,16.0
Realme 9i (4GB RAM + 128GB),12870,4,128,5000,6.6,1080.0,2412.0,50.0,16.0
Realme 9i (6GB RAM + 128GB),14999,6,128,5000,6.6,1080.0,2412.0,50.0,16.0
Samsung Galaxy F13 (4GB RAM + 128GB),11999,4,128,6000,6.6,2408.0,1080.0,50.0,8.0
Vivo X80 Pro 5G,79999,12,256,4700,6.78,1440.0,3200.0,50.0,32.0
Xiaomi Redmi Note 10 Lite (6GB RAM + 128GB),11999,6,128,5020,6.67,1080.0,2400.0,48.0,16.0
OPPO F19,14990,6,128,5000,6.4,1080.0,2400.0,48.0,16.0
Samsung Galaxy S21,48900,8,128,4000,6.2,1080.0,2400.0,64.0,10.0
Xiaomi Redmi 9A,6660,2,32,5000,6.53,720.0,1600.0,13.0,5.0
Tecno Pop 6 Pro,6299,2,32,5000,6.56,720.0,1600.0,8.0,5.0
Samsung Galaxy M32 Prime Edition (6GB RAM + 128GB),14934,6,128,6000,6.4,1080.0,2400.0,64.0,20.0
Infinix Hot 12 Play,8699,4,64,6000,6.82,1640.0,720.0,13.0,8.0
Infinix Smart 6 HD,5799,2,32,5000,6.6,720.0,1600.0,8.0,5.0
iQOO Z6 4G (6GB RAM + 128GB),15999,6,128,5000,6.44,1080.0,2400.0,50.0,16.0
Motorola Moto E32,8999,4,64,5000,6.5,720.0,1600.0,50.0,8.0
Xiaomi Redmi Note 11T 5G,16999,6,64,5000,6.6,1080.0,2400.0,50.0,16.0
Tecno Spark 8 Pro,8799,4,64,5000,6.8,1080.0,2460.0,48.0,8.0
OPPO Reno 6,26400,8,128,4300,6.43,1080.0,2400.0,64.0,32.0
Xiaomi Redmi Note 11S (8GB RAM + 128GB),15824,8,128,5000,6.43,1080.0,2400.0,108.0,16.0
Infinix Zero 5G,19949,8,128,4500,6.78,1080.0,2400.0,48.0,16.0
Samsung Galaxy A03,7249,3,32,5000,6.5,720.0,1560.0,48.0,5.0
Realme Narzo 50i,6497,2,32,5000,6.5,720.0,1600.0,8.0,5.0
POCO M3 Pro 5G,15999,4,64,5000,6.5,1080.0,2400.0,48.0,8.0
Samsung Galaxy A52 (8GB RAM + 128GB),22494,8,128,4500,6.5,1080.0,2400.0,64.0,32.0
Realme X50 Pro 5G (12GB RAM + 256GB),27999,12,256,4200,6.44,1080.0,2400.0,64.0,0.0
Nokia G11 Plus,10499,4,64,5000,6.52,720.0,1600.0,50.0,8.0
Realme C35 (4GB RAM + 128GB),12792,4,128,5000,6.6,1080.0,2408.0,50.0,8.0
iQOO 9 SE 5G (12GB RAM + 256GB),34949,12,256,4500,6.62,1080.0,2400.0,48.0,16.0
Vivo V23 Pro 5G (12GB RAM + 256GB),36994,12,256,4300,6.56,1080.0,2376.0,108.0,0.0
Vivo X80 5G,54999,8,128,4500,6.78,1080.0,2400.0,50.0,32.0
Tecno Phantom X,25999,8,256,4700,6.7,1080.0,2340.0,50.0,0.0
Samsung Galaxy M32,12371,4,64,6000,6.4,1080.0,2400.0,64.0,20.0
Samsung Galaxy A32,16499,6,128,5000,6.4,1080.0,2400.0,64.0,20.0
OnePlus 6 (8GB RAM + 128GB),27999,8,128,3300,6.28,1080.0,2280.0,20.0,16.0
Apple iPhone 14 Pro (256GB),129990,6,256,3200,6.1,1179.0,2556.0,48.0,12.0
OPPO A16e,8999,3,32,4230,6.52,720.0,1600.0,13.0,5.0
Realme 9 Pro Plus 5G (8GB RAM + 256GB),24494,8,256,4500,6.4,1080.0,2400.0,50.0,16.0
Samsung Galaxy Z Flip 4 5G,82999,8,128,3700,6.7,1080.0,2640.0,0.0,0.0
Xiaomi Redmi 10 Prime,12390,4,64,6000,6.5,1080.0,2400.0,50.0,8.0
Xiaomi Mi 11T Pro 5G,34990,8,128,5000,6.67,1080.0,2400.0,108.0,16.0
Vivo T1x (4GB RAM + 128GB),12999,4,128,5000,6.58,1080.0,2408.0,50.0,8.0
iQOO Z6 4G,14339,4,128,5000,6.44,1080.0,2400.0,50.0,16.0
Xiaomi Mi 11 Lite NE 5G (8GB RAM + 128GB),22999,8,128,4250,6.55,1080.0,2400.0,64.0,20.0
Vivo Y53s,15490,8,128,5000,6.58,1080.0,2408.0,64.0,16.0
Samsung Galaxy M32 (6GB RAM + 128GB),14490,6,128,6000,6.4,1080.0,2400.0,64.0,20.0
Google Pixel 2 XL,15990,4,128,3520,6.0,1440.0,2880.0,12.2,8.0
Xiaomi Redmi 10A (6GB RAM + 128GB),10890,6,128,5000,6.53,720.0,1600.0,13.0,5.0
Xiaomi Redmi A1 Plus,7298,2,32,5000,6.52,720.0,1600.0,8.0,5.0
iQOO Neo 6 5G (12GB RAM + 256GB),33699,12,256,4700,6.62,1080.0,2400.0,64.0,16.0
iQOO Z6 Pro 5G (12GB RAM + 256GB),27990,12,256,4700,6.44,1080.0,2404.0,64.0,16.0
Nokia G21 (6GB RAM + 128GB),13499,6,128,5050,6.5,720.0,1600.0,50.0,8.0
OPPO K10 (8GB RAM + 128GB),16990,8,128,5000,6.59,1080.0,2412.0,50.0,16.0
Vivo Y01,7999,2,32,5000,6.51,720.0,1600.0,8.0,5.0
Realme C31,8299,3,32,5000,6.52,720.0,1600.0,13.0,5.0
OPPO A55 4G (6GB RAM + 128GB),14470,6,128,5000,6.51,720.0,1600.0,50.0,16.0
Samsung Galaxy F22,11499,4,64,6000,6.4,720.0,1600.0,48.0,13.0
Poco X3 Pro,19670,6,128,5160,6.67,1080.0,2400.0,48.0,20.0
LG Wing 5G,54999,8,128,4000,6.8,1080.0,2460.0,0.0,0.0
Xiaomi Redmi Note 10,13880,4,64,5000,6.43,1080.0,2400.0,48.0,13.0
Sony Xperia 1 IV (12GB RAM + 512GB),92980,12,512,5000,6.5,1644.0,3840.0,12.0,12.0
Nokia C31,9499,3,32,5050,6.74,720.0,1600.0,13.0,5.0
Samsung Galaxy M13 (4GB RAM + 64GB),10630,4,64,6000,6.6,1080.0,2400.0,50.0,8.0
Motorola Moto E32s (4GB RAM + 64GB),8859,4,64,5000,6.5,720.0,1600.0,16.0,8.0
Motorola Moto E32s,7979,3,32,5000,6.5,720.0,1600.0,16.0,8.0
Xiaomi 12 Pro 5G (12GB RAM + 256GB),56999,12,256,4600,6.73,1440.0,3200.0,50.0,32.0
OPPO A76,16490,6,128,5000,6.56,720.0,1612.0,13.0,8.0
Infinix Hot 12,8499,4,64,6000,6.82,720.0,1640.0,50.0,8.0
Realme 8s 5G,17999,6,128,5000,6.5,1080.0,2400.0,64.0,16.0
Realme 8,15999,4,128,5000,6.4,1080.0,2400.0,64.0,16.0
Samsung Galaxy A52,24990,6,128,4500,6.5,1080.0,2400.0,64.0,32.0
Motorola Moto G31 (6GB RAM+ 128GB),11999,6,128,5000,6.47,1080.0,2400.0,50.0,13.0
Vivo Y15s,8499,3,32,5000,6.51,720.0,1600.0,13.0,8.0
Realme GT 2 Pro 5G,49959,8,128,5000,6.7,1440.0,3216.0,50.0,32.0
Apple iPhone 13 Pro (256GB),129900,6,256,3095,6.1,1170.0,2532.0,12.0,12.0
Micromax IN 2C,5999,3,32,5000,6.52,720.0,1600.0,8.0,5.0
Samsung Galaxy S20,41999,8,128,4000,6.2,1440.0,3200.0,64.0,10.0
Xiaomi Poco F1,11999,6,64,4000,6.18,1080.0,2246.0,12.0,20.0
Infinix Hot 12 Pro (8GB RAM+ 128GB),11999,8,128,5000,6.6,720.0,1612.0,50.0,8.0
iQOO 9T 5G,47990,8,128,4700,6.78,1080.0,2400.0,50.0,16.0
Poco M5,10799,4,64,5000,6.58,1080.0,2400.0,50.0,8.0
Xiaomi Redmi 11 Prime,11650,4,64,5000,6.58,1080.0,2400.0,50.0,8.0
Xiaomi Redmi 9 Activ (6GB RAM + 128GB),10499,6,128,5000,6.53,720.0,1600.0,13.0,5.0
Realme GT Master Edition 5G,27999,8,128,4300,6.43,1080.0,2400.0,64.0,32.0
POCO M3 Pro 5G (6GB RAM + 128GB),14799,6,128,5000,6.5,1080.0,2400.0,48.0,8.0
Samsung Galaxy F42 5G,15490,6,128,5000,6.6,1080.0,2408.0,64.0,8.0
Xiaomi Redmi Note 10 Pro Max (6GB RAM + 128GB),19980,6,128,5020,6.67,1080.0,2400.0,108.0,16.0
Xiaomi Redmi Note 10 (6GB RAM + 128GB),16499,6,128,5000,6.43,1080.0,2400.0,48.0,13.0
Vivo Y20G,13990,4,64,5000,6.51,720.0,1600.0,13.0,8.0
iQOO 7 (12GB RAM + 256GB),35990,12,256,4400,6.62,1080.0,2400.0,48.0,16.0
Samsung Galaxy A22 5G,17990,6,128,5000,6.6,1080.0,2408.0,48.0,8.0
Vivo V20,23269,8,128,4000,6.44,1080.0,2400.0,64.0,44.0
Xiaomi Redmi Note 9 Pro,14499,4,64,5020,6.67,1080.0,2400.0,48.0,16.0
Apple iPhone SE 2020,39900,3,64,1821,4.7,750.0,1334.0,12.0,7.0
Vivo Y71,25000,3,16,3360,6.0,720.0,1440.0,13.0,5.0
Lyf C459,2060,1,8,2000,4.5,480.0,854.0,5.0,2.0
OnePlus 10R Prime Edition,35389,8,128,5000,6.7,1080.0,2412.0,50.0,16.0
Google Pixel 6 Pro (12GB RAM + 256GB),61250,12,256,5003,6.71,1440.0,3120.0,50.0,11.1
Nokia G60,28498,6,128,4500,6.58,1080.0,2400.0,50.0,8.0
Vivo Y02 (2GB RAM + 32GB),7999,2,32,5000,6.51,720.0,1600.0,8.0,5.0
OPPO A16K (4GB RAM + 64GB),10999,4,64,4230,6.52,720.0,1600.0,13.0,5.0
Nokia G21,11999,4,64,5050,6.5,720.0,1600.0,50.0,8.0
Xiaomi 11i HyperCharge 5G,24950,6,128,4500,6.67,2400.0,1080.0,108.0,16.0
Infinix Smart 6,6499,2,64,5000,6.6,720.0,1600.0,8.0,5.0
iQOO 9 Pro 5G,59990,8,256,4700,6.78,1440.0,3200.0,50.0,16.0
Realme 8s 5G (8GB RAM + 128GB),17499,8,128,5000,6.5,1080.0,2400.0,64.0,16.0
OPPO A55 4G,13499,4,64,5000,6.51,720.0,1600.0,50.0,16.0
Micromax IN 2B,6990,4,64,5000,6.52,720.0,1600.0,13.0,5.0
OPPO A16,11999,4,64,5000,6.52,720.0,1600.0,13.0,8.0
Vivo Y73 2021,19990,8,128,4000,6.44,1080.0,2400.0,64.0,16.0
Vivo V21 5G,23994,8,128,4000,6.44,1080.0,2400.0,64.0,44.0
Realme 7 Pro (8GB RAM + 128GB),19990,8,128,4500,6.4,1080.0,2400.0,64.0,32.0
Google Pixel 5,36000,8,128,4080,6.0,1080.0,2340.0,16.0,8.0
Samsung Galaxy A12,11999,4,64,5000,6.5,720.0,1560.0,48.0,8.0
Realme C30s (4GB RAM + 64GB),8990,4,64,5000,6.5,720.0,1600.0,8.0,5.0
Poco F4 5G (8GB RAM + 128GB),29999,8,128,4500,6.67,1080.0,2400.0,64.0,20.0
Realme Narzo 50 Pro 5G (8GB RAM + 128GB),22999,8,128,5000,6.4,1080.0,2400.0,48.0,16.0
Vivo T1 44W (8GB RAM + 128GB),17999,8,128,5000,6.44,1080.0,2408.0,50.0,16.0
itel Vision 3,6699,3,64,5000,6.6,1612.0,720.0,8.0,5.0
POCO M4 Pro 4G (8GB RAM + 128GB),13999,8,128,5000,6.43,1080.0,2400.0,64.0,16.0
Realme Narzo 50 (6GB RAM + 128GB),15499,6,128,5000,6.6,1080.0,2412.0,50.0,16.0
Tecno Spark 9T,8968,4,64,5000,6.6,1080.0,2408.0,50.0,8.0
Lava Agni 5G,17990,8,128,5000,6.78,1080.0,2460.0,64.0,16.0
Realme Narzo 50i (4GB RAM + 64GB),8900,4,64,5000,6.5,720.0,1600.0,8.0,5.0
Asus ROG Phone 5s 5G,39999,8,128,6000,6.78,1080.0,2448.0,64.0,24.0
Vivo V20 Pro,27000,8,128,4000,6.44,1080.0,2400.0,64.0,0.0
Motorola Edge Plus,57999,12,256,5000,6.7,1080.0,2340.0,108.0,25.0
Vivo Y15,12500,4,64,5000,6.35,720.0,1544.0,13.0,16.0
Apple iPhone 11 Pro Max,109900,4,64,3500,6.5,1242.0,2688.0,12.0,12.0
Realme GT Neo 3T (8GB RAM + 128GB),30900,8,128,5000,6.62,1080.0,2400.0,64.0,16.0
Apple iPhone 14 (512GB),96999,6,512,3279,6.1,1170.0,2532.0,12.0,12.0
Poco C50 (3GB RAM + 32GB),7299,3,32,5000,6.52,720.0,1600.0,8.0,5.0
OPPO A16e (4GB RAM + 64GB),8999,4,64,4230,6.52,720.0,1600.0,13.0,5.0
Samsung Galaxy A13 (6GB RAM + 128GB),16499,6,128,5000,6.6,1080.0,2408.0,50.0,8.0
Samsung Galaxy S22 5G (8GB RAM + 256GB),57980,8,256,3700,6.1,1080.0,2340.0,50.0,10.0
Xiaomi Redmi Note 11S (6GB RAM + 128GB),15499,6,128,5000,6.43,1080.0,2400.0,108.0,16.0
Xiaomi 11T Pro 5G (12GB RAM + 256GB),38999,12,256,5000,6.67,1080.0,2400.0,108.0,16.0
Realme GT Neo 3 5G,31994,8,128,5000,6.7,1080.0,2412.0,50.0,16.0
Apple iPhone 13 Pro Max (256GB),139900,6,256,4352,6.7,1284.0,2778.0,12.0,12.0
OPPO F19s,15990,6,128,5000,6.43,1080.0,2400.0,48.0,16.0
Vivo Y33s,16690,8,128,5000,6.58,1080.0,2408.0,50.0,16.0
Samsung Galaxy Z Fold 3,110999,12,256,4400,7.6,1768.0,2208.0,0.0,0.0
Xiaomi Redmi Note 9 Pro Max,16490,6,64,5020,6.67,1080.0,2400.0,64.0,32.0
Samsung Galaxy Note 20,86000,8,256,4300,6.7,1080.0,2400.0,64.0,10.0
Vivo S1 Pro,29999,8,128,4500,6.38,1080.0,2340.0,48.0,32.0
OPPO A77 (4GB RAM + 128 GB),15998,4,128,5000,6.56,720.0,1600.0,50.0,8.0
Realme GT 2 Pro 5G (12GB RAM + 256GB),46999,12,256,5000,6.7,1440.0,3216.0,50.0,32.0
Infinix Smart 6 Plus,7599,3,64,5000,6.82,720.0,1600.0,8.0,5.0
Samsung Galaxy A03 (4GB RAM + 64GB),11499,4,64,5000,6.5,720.0,1560.0,48.0,5.0
Tecno Spark 8 (4GB RAM + 64GB),8999,4,64,5000,6.52,720.0,1600.0,16.0,8.0
Xiaomi Redmi 9A Sport,6499,2,32,5000,6.53,720.0,1600.0,13.0,5.0
Samsung Galaxy M21 2021,11994,4,64,6000,6.4,1080.0,2340.0,48.0,20.0
Nokia C01 Plus,5249,2,16,3000,5.45,720.0,1440.0,5.0,5.0
Realme C21Y,6999,3,32,5000,6.5,720.0,1600.0,13.0,5.0
Realme 8 5G,14999,4,128,5000,6.5,1080.0,2400.0,48.0,16.0
Xiaomi Redmi Note 10 Pro Max,19999,6,64,5020,6.67,1080.0,2400.0,108.0,16.0
Vivo Y12 (3GB RAM + 64GB),11000,3,64,5000,6.35,720.0,1544.0,13.0,8.0
Xiaomi Redmi Note 4,9785,4,64,4100,5.5,1080.0,1920.0,13.0,5.0
Samsung Galaxy A04e (3GB RAM + 64GB),9950,3,64,5000,6.5,720.0,1600.0,13.0,5.0
itel Vision 3 (2GB RAM + 32GB),5721,2,32,5000,6.6,1612.0,720.0,8.0,5.0
Xiaomi Redmi 11 Prime (6GB RAM + 128GB),13774,6,128,5000,6.58,1080.0,2400.0,50.0,8.0
Infinix Hot 12 Pro,9999,6,64,5000,6.6,720.0,1612.0,50.0,8.0
OPPO A96 4G,17999,8,128,5000,6.59,1080.0,2412.0,50.0,16.0
Sony Xperia 5 IV 5G,81699,8,256,5000,6.1,1080.0,2520.0,12.0,12.0
Xiaomi 11i 5G (8GB RAM + 128GB),24880,8,128,5160,6.67,2400.0,1080.0,108.0,16.0
Realme 8i (6GB RAM + 128GB),13999,6,128,5000,6.6,1080.0,2412.0,50.0,16.0
Vivo Y12G (3GB RAM + 64GB),11990,3,64,5000,6.51,720.0,1600.0,13.0,8.0
Realme Narzo 50A,11499,4,64,6000,6.5,720.0,1600.0,50.0,8.0
Tecno Camon 19,14746,6,128,5000,6.8,1080.0,2460.0,64.0,16.0
OPPO A54,11990,4,64,5000,6.51,1600.0,720.0,13.0,16.0
Poco M3,11499,6,64,6000,6.53,1080.0,2340.0,48.0,8.0
Xiaomi Mi 10T 5G,23500,6,128,5000,6.67,2400.0,1080.0,64.0,20.0
Motorola One Fusion Plus,19499,6,128,5000,6.5,1080.0,2340.0,64.0,16.0
Vivo Y11 (2019),9490,3,32,5000,6.35,720.0,1544.0,13.0,8.0
Xiaomi Redmi 9,8933,4,64,5000,6.53,720.0,1600.0,13.0,5.0
Samsung Galaxy A04e (4GB RAM + 128GB),11499,4,128,5000,6.5,720.0,1600.0,13.0,5.0
Samsung Galaxy A04s (4GB RAM + 128GB),14499,4,128,5000,6.5,720.0,1600.0,50.0,5.0
Nokia C21 Plus (4GB RAM + 64GB),8999,4,64,5050,6.52,720.0,1600.0,13.0,5.0
Realme GT 2 (12GB RAM + 256GB),38959,12,256,5000,6.62,1080.0,2400.0,50.0,16.0
Realme C25Y (4GB RAM + 64GB),8999,4,64,5000,6.5,1600.0,720.0,50.0,8.0
Xiaomi Redmi 10 Prime (6GB RAM + 128GB),12999,6,128,6000,6.5,1080.0,2400.0,50.0,8.0
Samsung Galaxy A12 (6GB RAM + 128GB),13999,6,128,5000,6.5,720.0,1560.0,48.0,8.0
Samsung Galaxy A03s,8499,3,32,5000,6.5,720.0,1600.0,13.0,5.0
Realme X7 Max,26999,8,128,4500,6.43,1080.0,2400.0,64.0,16.0
Realme Narzo 30 5G,16999,6,128,5000,6.5,1080.0,2400.0,48.0,16.0
Xiaomi Redmi 9 Power,11499,4,64,6000,6.53,1080.0,2340.0,48.0,8.0
OPPO F17 Pro,18990,8,128,4015,6.43,1080.0,2400.0,48.0,0.0
Realme 6 (6GB RAM + 64GB),12989,6,64,4300,6.5,1080.0,2400.0,64.0,16.0
POCO M2 Pro,16999,4,64,5000,6.67,1080.0,2400.0,48.0,16.0
Samsung Galaxy Note 10 Lite,39299,6,128,4500,6.7,1080.0,2400.0,12.0,32.0
Samsung Galaxy A50s,15990,4,128,4000,6.4,1080.0,2340.0,48.0,32.0
Tecno Pova Neo 5G,15499,4,128,6000,6.8,1080.0,2400.0,50.0,8.0
Apple iPhone 14 Pro Max (512GB),162999,6,512,4323,6.7,1290.0,2796.0,48.0,12.0
Samsung Galaxy S22 Plus 5G (8GB RAM + 256GB),88999,8,256,4500,6.6,1080.0,2340.0,50.0,10.0
Xiaomi Redmi Note 11 Pro 4G,17999,6,128,5000,6.67,1080.0,2400.0,108.0,16.0
Vivo Y21T,15499,4,128,5000,6.51,1600.0,720.0,50.0,8.0
Xiaomi Redmi Note 10 Lite (4GB RAM + 128GB),12499,4,128,5020,6.67,1080.0,2400.0,48.0,16.0
Tecno Pova 2,10599,4,64,7000,6.95,1080.0,2460.0,48.0,8.0
Xiaomi Mi 11X 5G (8GB RAM + 128GB),29999,8,128,4520,6.67,1080.0,2400.0,48.0,20.0
Realme Narzo 30 Pro 5G (8GB RAM +128GB),19999,8,128,5000,6.5,1080.0,2400.0,48.0,16.0
Oppo A15s (4GB RAM + 128GB),11490,4,128,4230,6.52,720.0,1600.0,13.0,8.0
OPPO F19 Pro,17994,8,128,4310,6.43,1080.0,2400.0,48.0,16.0
Samsung Galaxy S21 Plus,59900,8,128,4800,6.7,1080.0,2400.0,64.0,10.0
Xiaomi Redmi 9i (4GB RAM + 128GB),9299,4,128,5000,6.53,720.0,1600.0,13.0,5.0
Vivo V19 (8GB RAM + 256GB),27990,8,256,4500,6.44,1080.0,2400.0,48.0,0.0
Oppo A31 2020 (6GB RAM + 128GB),12490,6,128,4230,6.5,720.0,1600.0,12.0,8.0
Samsung Galaxy S20 Plus,83000,8,128,4500,6.7,1440.0,3200.0,64.0,10.0
Vivo Y19,20000,4,128,5000,6.53,1080.0,2340.0,16.0,16.0
Xiaomi Redmi 8 (4GB RAM + 64GB),11490,4,64,5000,6.22,720.0,1520.0,12.0,8.0
Realme XT,13279,4,64,4000,6.4,1080.0,2340.0,64.0,16.0
Xiaomi Redmi Note 8 Pro,16999,6,64,4500,6.53,1080.0,2340.0,64.0,20.0
Vivo V15 Pro (8GB RAM +128GB),25000,8,128,3700,6.39,1080.0,2316.0,48.0,32.0
Google Pixel 3a XL,15999,4,64,3700,6.0,1080.0,2160.0,12.2,8.0
Vivo Y95,15000,4,64,4030,6.22,1520.0,720.0,13.0,20.0
Xiaomi Poco F1 (6GB RAM + 128GB),12999,6,128,4000,6.18,1080.0,2246.0,12.0,20.0
Samsung Galaxy S9 Plus (128GB),34999,6,128,3500,6.2,1440.0,2960.0,12.0,8.0
Samsung Galaxy A7 (2018),21490,4,64,3300,6.0,2220.0,1080.0,24.0,24.0
Lyf Earth 2,3895,3,32,2500,5.0,1080.0,1920.0,13.0,13.0
Lava X3,6999,3,32,4000,6.5,1600.0,720.0,8.0,5.0
iKall Z19,7999,4,32,5000,6.5,720.0,1600.0,20.0,13.0
Xiaomi Redmi A1 Plus (3GB RAM + 32GB),8390,3,32,5000,6.52,720.0,1600.0,8.0,5.0
Realme GT Neo 3T (8GB RAM + 256GB),32900,8,256,5000,6.62,1080.0,2400.0,64.0,16.0
Realme Narzo 50i Prime,7999,3,32,5000,6.5,720.0,1600.0,8.0,5.0
Infinix Note 12 (6GB RAM + 128GB),12499,6,128,5000,6.7,2400.0,1080.0,50.0,16.0
Vivo X80 5G (12GB RAM + 256GB),59999,12,256,4500,6.78,1080.0,2400.0,50.0,32.0
Vivo Y15C,8499,3,32,5000,6.51,720.0,1600.0,13.0,8.0
Tecno Spark 8C,7399,3,64,5000,6.6,720.0,1612.0,13.0,8.0
Infinix Note 11 (6GB RAM + 128GB),14499,6,128,5000,6.7,1080.0,2400.0,50.0,16.0
Vivo Y33T,15990,8,128,5000,6.58,1080.0,2408.0,50.0,16.0
Infinix Note 11S (8GB RAM + 128GB),15999,8,128,5000,6.95,1080.0,2460.0,50.0,16.0
Vivo Y21e,11640,3,64,5000,6.51,720.0,1600.0,13.0,8.0
Samsung Galaxy F42 5G (8GB RAM + 128GB),22999,8,128,5000,6.6,1080.0,2408.0,64.0,8.0
Apple iPhone 13 (512GB),91999,4,512,3240,6.1,1170.0,2532.0,12.0,12.0
Tecno Spark 7 Pro,9999,4,64,5000,6.6,720.0,1600.0,48.0,8.0
OPPO A54 (4GB RAM + 128GB),11990,4,128,5000,6.51,1600.0,720.0,13.0,16.0
Realme 8i,12499,4,64,5000,6.6,1080.0,2412.0,50.0,16.0
Samsung Galaxy M12,10999,4,64,6000,6.5,720.0,1600.0,48.0,8.0
OPPO A15,9999,3,32,4230,6.52,720.0,1600.0,13.0,5.0
Xiaomi Mi 10T Pro 5G,29999,8,128,5000,6.67,1080.0,2400.0,108.0,20.0
Motorola Moto G 5G,19990,6,128,5000,6.67,1080.0,2400.0,48.0,16.0
Realme 6 Pro,14490,6,64,4300,6.6,1080.0,2400.0,64.0,0.0
Xiaomi Redmi Note 9,11988,4,64,5020,6.53,1080.0,2340.0,48.0,13.0
Samsung Galaxy A50,15849,4,64,4000,6.4,1080.0,2340.0,25.0,25.0
Samsung Galaxy J7 Max,14990,4,32,3300,5.7,1080.0,1920.0,13.0,13.0
Samsung Galaxy A04 (4GB RAM + 128GB),12999,4,128,5000,6.5,720.0,1600.0,50.0,5.0
Lava Blaze NXT,8999,4,64,5000,6.5,720.0,1600.0,13.0,8.0
Motorola Moto E22s,9024,4,64,5000,6.5,720.0,1600.0,16.0,8.0
Poco M5 (6GB RAM + 128GB),14499,6,128,5000,6.58,1080.0,2400.0,50.0,8.0
Vivo Y15C (3GB RAM + 64GB),10490,3,64,5000,6.51,720.0,1600.0,13.0,8.0
Tecno Camon 19 Neo,14999,6,128,5000,6.8,1080.0,2400.0,48.0,32.0
Vivo Y21G,13499,4,64,5000,6.51,720.0,1600.0,13.0,8.0
Xiaomi 11i HyperCharge 5G (8GB RAM + 128GB),26999,8,128,4500,6.67,2400.0,1080.0,108.0,16.0
Realme C25Y,11609,4,128,5000,6.5,1600.0,720.0,50.0,8.0
Realme GT Neo2 5G,31999,8,128,5000,6.62,2400.0,1080.0,64.0,16.0
Tecno Spark 8P,9198,4,64,5000,6.6,1080.0,2400.0,50.0,8.0
Tecno Spark 8T,7999,4,64,5000,6.6,720.0,1600.0,50.0,8.0
OPPO A16K,8999,3,32,4230,6.52,720.0,1600.0,13.0,5.0
Infinix Hot 11S,9700,4,64,5000,6.78,1080.0,2480.0,50.0,8.0
Samsung Galaxy M32 5G (8GB RAM + 128GB),20999,8,128,5000,6.5,720.0,1600.0,48.0,13.0
Realme GT Master Edition 5G (8GB RAM + 256GB),29999,8,256,4300,6.43,1080.0,2400.0,64.0,32.0
Micromax IN 2B (6GB RAM + 64GB),7990,6,64,5000,6.52,720.0,1600.0,13.0,5.0
Xiaomi Mi 11 Lite (8GB RAM + 128GB),18699,8,128,4250,6.55,1080.0,2400.0,64.0,16.0
Tecno Camon 17 Pro,18499,8,128,5000,6.8,1080.0,2460.0,64.0,48.0
OPPO A54 (6GB RAM + 128GB),14999,6,128,5000,6.51,1600.0,720.0,13.0,16.0
Motorola Moto G40 Fusion,14499,4,64,6000,6.78,1080.0,2460.0,64.0,16.0
Realme C11 2021,6499,2,32,5000,6.52,720.0,1600.0,8.0,5.0
Samsung Galaxy A22,18499,6,128,5000,6.4,720.0,1600.0,48.0,13.0
Xiaomi Mi 11X Pro,29990,8,128,4520,6.67,1080.0,2400.0,108.0,20.0
Itel A23 Pro,3999,1,8,2400,5.0,854.0,480.0,5.0,2.0
Realme GT 5G,30994,8,128,4500,6.43,1080.0,2400.0,64.0,16.0
Samsung Galaxy F12,10499,4,64,6000,6.5,720.0,1600.0,48.0,8.0
Poco M2,10890,6,64,5000,6.53,1080.0,2340.0,13.0,8.0
Realme Narzo 20,10499,4,64,6000,6.5,720.0,1600.0,48.0,8.0
Xiaomi Mi 10 5G (8GB RAM + 256GB),54999,8,256,4780,6.67,1080.0,2340.0,108.0,20.0
Apple iPhone SE 2020 (128GB),44900,3,128,1821,4.7,750.0,1334.0,12.0,7.0
Vivo X50,25990,8,128,4200,6.56,1080.0,2376.0,48.0,32.0
Samsung Galaxy M51,20990,6,128,7000,6.7,1080.0,2400.0,64.0,32.0
Realme X50 Pro 5G (8GB RAM + 128GB),25890,8,128,4200,6.44,1080.0,2400.0,64.0,0.0
Poco X2,17999,6,64,4500,6.67,1080.0,2400.0,64.0,0.0
Motorola One Macro,11490,4,64,4000,6.2,720.0,1520.0,13.0,8.0
Samsung Galaxy A30s (4GB RAM + 128GB),18990,4,128,4000,6.4,720.0,1560.0,25.0,16.0
Samsung Galaxy M30 (6GB RAM + 128GB),15900,6,128,5000,6.4,1080.0,2340.0,13.0,16.0
Huawei Honor 9N,10999,4,64,3000,5.84,1080.0,2280.0,13.0,16.0
Vivo Y55S,13490,3,16,2730,5.2,720.0,1280.0,13.0,5.0
Apple iPhone 7,31500,2,32,1960,4.7,750.0,1334.0,12.0,7.0
Tecno Spark 9 (3GB RAM + 64GB),8390,3,64,5000,6.6,720.0,1600.0,13.0,8.0
itel Vision 3 Turbo,7987,3,64,5000,6.6,1612.0,720.0,8.0,5.0
Realme Narzo 50i Prime (4GB RAM + 64GB),8734,4,64,5000,6.5,720.0,1600.0,8.0,5.0
Apple iPhone 14 Plus (512GB),106999,6,512,4325,6.7,1284.0,2778.0,12.0,12.0
itel A23s,4699,2,32,3020,5.0,854.0,480.0,2.0,0.0
Samsung Galaxy Z Fold 4 (12GB RAM + 512GB),156999,12,512,4400,7.6,1812.0,2176.0,0.0,0.0
Realme Narzo 50 5G (4GB RAM + 128GB),13999,4,128,5000,6.6,1080.0,2400.0,48.0,16.0
Infinix Note 12 Turbo,13999,8,128,5000,6.7,2400.0,1080.0,50.0,16.0
iQOO 9 5G (12GB RAM + 256GB),39990,12,256,4350,6.56,1080.0,2376.0,48.0,16.0
Xiaomi 11T Pro 5G (8GB RAM + 256GB),35999,8,256,5000,6.67,1080.0,2400.0,108.0,16.0
Realme Narzo 50A Prime,11479,4,64,5000,6.6,1080.0,2408.0,50.0,8.0
Tecno Spark Go 2022,6249,2,32,5000,6.51,720.0,1600.0,13.0,8.0
Tecno Camon 18,11499,4,128,5000,6.8,1080.0,2460.0,48.0,16.0
Samsung Galaxy A03s (4GB RAM + 64GB),10999,4,64,5000,6.5,720.0,1600.0,13.0,5.0
Samsung Galaxy F22 (6GB RAM + 128GB),13499,6,128,6000,6.4,720.0,1600.0,48.0,13.0
iQOO 7 Legend,39990,8,128,4000,6.62,1080.0,2400.0,48.0,16.0
Realme 8 (8GB RAM + 128GB),17999,8,128,5000,6.4,1080.0,2400.0,64.0,16.0
Xiaomi Redmi Note 10 Pro (8GB RAM + 128GB),18999,8,128,5020,6.67,1080.0,2400.0,64.0,16.0
Vivo Y31 (2021),26999,6,128,5000,6.58,1080.0,2408.0,48.0,16.0
Oppo Reno 5 Pro 5G,35990,8,128,4350,6.53,1080.0,2400.0,64.0,32.0
Realme 7 (8GB RAM + 128GB),17890,8,128,5000,6.5,1080.0,2400.0,64.0,16.0
Realme 7,16990,6,64,5000,6.5,1080.0,2400.0,64.0,16.0
Realme 7 Pro,18990,6,128,4500,6.4,1080.0,2400.0,64.0,32.0
itel Vision 1 (3GB RAM + 32GB),5890,3,32,4000,6.09,1520.0,720.0,8.0,5.0
Realme C11,6490,2,32,5000,6.5,720.0,1600.0,13.0,5.0
Oppo A12,9990,3,32,4230,6.22,1520.0,720.0,13.0,5.0
Samsung Galaxy A72,33999,8,128,5000,6.7,1080.0,2400.0,64.0,32.0
Vivo V19,25490,8,128,4500,6.44,1080.0,2400.0,48.0,0.0
Apple iPhone 11 Pro (256GB),121300,4,256,3190,5.8,1125.0,2436.0,12.0,12.0
Samsung Galaxy A10s,8999,2,32,4000,6.2,720.0,1520.0,13.0,8.0
Xiaomi Redmi 7,7499,2,32,4000,6.26,720.0,1520.0,12.0,8.0
Vivo Y91,9600,2,32,4030,6.22,720.0,1520.0,13.0,8.0
Google Pixel 3 XL (128GB),24500,4,128,3430,6.3,1440.0,2960.0,12.2,0.0
Nokia 2.1,5199,1,8,4000,5.5,720.0,1280.0,8.0,5.0
Google Pixel 2 (64GB),14490,4,64,2700,5.0,1080.0,1920.0,12.2,8.0
Nokia C31 (4GB RAM + 64GB),10499,4,64,5050,6.74,720.0,1600.0,13.0,5.0
iKall Z18,6799,4,64,5000,6.82,720.0,1560.0,20.0,13.0
Oukitel WP9,25899,6,128,8000,5.86,720.0,1520.0,16.0,8.0
Lava Yuva Pro,7799,3,32,5000,6.52,1600.0,720.0,13.0,8.0
iQOO 9T (12GB RAM + 256GB),54499,12,256,4700,6.78,1080.0,2400.0,50.0,16.0
Lava Blaze,8549,3,64,5000,6.5,1600.0,720.0,13.0,8.0
Realme Narzo 50 5G (4GB RAM + 64GB),13499,4,64,5000,6.6,1080.0,2400.0,48.0,16.0
Realme GT Neo 3 5G (12GB RAM + 256GB),37494,12,256,4500,6.7,1080.0,2412.0,50.0,16.0
Realme Narzo 50A Prime (4GB RAM + 128GB),12499,4,128,5000,6.6,1080.0,2408.0,50.0,8.0
Nokia C01 Plus (2GB RAM + 32GB),5719,2,32,3000,5.45,720.0,1440.0,5.0,5.0
itel A27,4499,2,32,4000,5.45,480.0,960.0,5.0,2.0
Tecno Pop 5 Pro,7100,3,32,6000,6.52,720.0,1600.0,8.0,5.0
Tecno Pova Neo,10389,6,128,6000,6.82,720.0,1640.0,13.0,8.0
Xiaomi Redmi 9A Sport (3GB RAM + 32GB),7344,3,32,5000,6.53,720.0,1600.0,13.0,5.0
Realme C21Y (4GB RAM + 64GB),9469,4,64,5000,6.5,720.0,1600.0,13.0,5.0
Realme GT Master Edition 5G (6GB RAM + 128GB),25999,6,128,4300,6.43,1080.0,2400.0,64.0,32.0
Asus ROG Phone 5s Pro 5G,79999,18,512,6000,6.78,1080.0,2448.0,64.0,24.0
Samsung Galaxy Z Flip 3 5G (8GB RAM + 256GB),83999,8,256,3300,6.7,1080.0,2640.0,0.0,0.0
POCO M3 (4GB RAM + 64GB),10989,4,64,6000,6.53,1080.0,2340.0,48.0,8.0
Poco F3 GT,32999,6,128,5065,6.67,1080.0,2400.0,64.0,16.0
Vivo V21 5G (8GB RAM + 256GB),26794,8,256,4000,6.44,1080.0,2400.0,64.0,44.0
Motorola Moto G40 Fusion (6GB RAM + 128GB),16499,6,128,6000,6.78,1080.0,2460.0,64.0,16.0
Nokia G20,11999,4,64,5050,6.52,720.0,1600.0,48.0,8.0
Poco X3 Pro (8GB RAM + 128GB),23750,8,128,5160,6.67,1080.0,2400.0,48.0,20.0
Realme 8 (6GB RAM + 128GB),16999,6,128,5000,6.4,1080.0,2400.0,64.0,16.0
Samsung Galaxy M12 (6GB RAM + 128GB),15490,6,128,6000,6.5,720.0,1600.0,48.0,8.0
Xiaomi Redmi 9 Power (6GB RAM + 128GB),13499,6,128,6000,6.53,1080.0,2340.0,48.0,8.0
Samsung Galaxy S21 5G (8GB RAM + 256GB),73999,8,256,4000,6.2,1080.0,2400.0,64.0,10.0
Xiaomi Mi 11 Lite,19789,6,128,4250,6.55,1080.0,2400.0,64.0,16.0
Micromax IN Note 1,9890,4,64,5000,6.67,1080.0,2400.0,48.0,16.0
Xiaomi Mi 10T 5G (8GB RAM + 128GB),24430,8,128,5000,6.67,2400.0,1080.0,64.0,20.0
Samsung Galaxy A21s (6GB RAM + 128GB),17499,6,128,5000,6.5,720.0,1600.0,48.0,13.0
Poco C3 (4GB RAM + 64GB),10999,4,64,5000,6.53,720.0,1600.0,13.0,5.0
Poco X3 (6GB RAM + 128GB),17650,6,128,6000,6.67,1080.0,2400.0,64.0,20.0
Xiaomi Redmi Note 9 Pro (4GB RAM + 128GB),13918,4,128,5020,6.67,1080.0,2400.0,48.0,16.0
Vivo V20 SE,19000,8,128,4100,6.44,1080.0,2400.0,48.0,32.0
OPPO A53 2020 (6GB RAM + 128GB),14990,6,128,5000,6.5,1600.0,720.0,13.0,16.0
Poco C3,9999,3,32,5000,6.53,720.0,1600.0,13.0,5.0
Realme Narzo 10A (4GB RAM + 64GB),10990,4,64,5000,6.5,720.0,1600.0,12.0,5.0
Samsung Galaxy M01,9990,3,32,4000,5.7,1520.0,720.0,13.0,5.0
Vivo Y50,19000,8,128,5000,6.53,1080.0,2340.0,13.0,16.0
Samsung Galaxy M11,8490,3,32,5000,6.4,720.0,1560.0,13.0,8.0
Realme X2 Pro (12GB RAM + 256GB),29499,12,256,4000,6.5,1080.0,2400.0,64.0,16.0
Samsung Galaxy A70s (8GB RAM + 128GB),29990,8,128,4500,6.7,1080.0,2400.0,64.0,32.0
Vivo V17,25875,8,128,4500,6.44,1080.0,2400.0,48.0,32.0
Xiaomi Redmi 7A,7490,2,16,4000,5.45,720.0,1440.0,12.0,5.0
Xiaomi Redmi Note 7s,9430,3,32,4000,6.3,1080.0,2340.0,48.0,13.0
Realme C2,6999,2,16,4000,6.1,1560.0,720.0,13.0,5.0
OPPO A3s (3GB RAM +32GB),12998,3,32,4230,6.2,720.0,1520.0,13.0,8.0
Lyf F1,4299,3,32,3200,5.5,1080.0,1920.0,16.0,8.0
Lava Blaze Pro,10499,4,64,5000,6.5,1600.0,720.0,50.0,8.0
Apple iPhone 14 Pro (512GB),152999,6,512,3200,6.1,1179.0,2556.0,48.0,12.0
iKall Z15,6799,4,64,5000,6.82,720.0,1600.0,20.0,13.0
Samsung Galaxy Z Flip 4 (8GB RAM + 256GB),94999,8,256,3700,6.7,1080.0,2640.0,0.0,0.0
Asus ROG Phone 5s 5G (12GB RAM + 256GB),47999,12,256,6000,6.78,1080.0,2448.0,64.0,24.0
Infinix Hot 11 2022,8999,4,64,5000,6.7,1080.0,2408.0,13.0,8.0
Tecno POP 5 LTE,6299,2,32,5000,6.5,720.0,1560.0,8.0,5.0
Realme Narzo 50A (4GB RAM + 128GB),12499,4,128,6000,6.5,720.0,1600.0,50.0,8.0
Apple iPhone 13 Mini (256GB),74900,4,256,2438,5.4,1080.0,2340.0,12.0,12.0
Apple iPhone 13 Pro Max (512GB),159900,6,512,4352,6.7,1284.0,2778.0,12.0,12.0
Infinix Note 11,12499,4,64,5000,6.7,1080.0,2400.0,50.0,16.0
Realme 8 5G (4GB RAM + 64GB),15499,4,64,5000,6.5,1080.0,2400.0,48.0,16.0
POCO M2 Reloaded,9489,4,64,5000,6.53,1080.0,2340.0,13.0,8.0
Realme C25 (4GB RAM + 128GB),11700,4,128,6000,6.5,1600.0,720.0,13.0,8.0
Samsung Galaxy F02s,9499,3,32,5000,6.5,720.0,1600.0,13.0,5.0
Motorola Moto G30,10999,4,64,5000,6.51,1600.0,720.0,64.0,13.0
Sony Xperia 1 III,83490,12,256,4500,6.5,1644.0,3840.0,12.0,8.0
Realme Narzo 30,13499,4,64,5000,6.5,1080.0,2400.0,48.0,16.0
Poco M3 (6GB RAM + 128GB),12990,6,128,6000,6.53,1080.0,2340.0,48.0,8.0
Xiaomi Redmi 9A (3GB RAM + 32GB),7399,3,32,5000,6.53,720.0,1600.0,13.0,5.0
Xiaomi Redmi 9i,8999,4,64,5000,6.53,720.0,1600.0,13.0,5.0
OPPO F17,16294,6,128,4000,6.44,1080.0,2400.0,16.0,16.0
OPPO A53 2020,11990,4,64,5000,6.5,1600.0,720.0,13.0,16.0
Infinix Zero 8i,15490,8,128,4500,6.85,2460.0,1080.0,48.0,0.0
Xiaomi Redmi 9 Prime (4GB RAM + 128GB),11999,4,128,5020,6.53,1080.0,2340.0,13.0,8.0
Xiaomi Redmi 9 Prime,19949,4,64,5020,6.53,1080.0,2340.0,13.0,8.0
Xiaomi Redmi 8A Dual (3GB RAM + 64GB),8749,3,64,5000,6.22,720.0,1520.0,13.0,8.0
Realme X3 SuperZoom Edition (12GB RAM + 256GB),28999,12,256,4200,6.57,1080.0,2400.0,64.0,0.0
Samsung Galaxy M11 (4GB RAM + 64GB),10490,4,64,5000,6.4,720.0,1560.0,13.0,8.0
Vivo Y30,14990,4,128,5000,6.47,720.0,1560.0,13.0,8.0
Realme C3 (4GB RAM + 64GB),10790,4,64,5000,6.52,720.0,1600.0,12.0,5.0
Realme 5i,11080,4,64,5000,6.52,720.0,1600.0,12.0,8.0
OPPO Reno 2,34999,8,256,4000,6.55,1080.0,2400.0,48.0,16.0
Nokia 2.2 (3GB RAM + 32GB),6499,3,32,3000,5.71,720.0,1520.0,13.0,5.0
Motorola One Action,12990,4,128,3500,6.3,1080.0,2520.0,16.0,12.0
Vivo Y91i,9000,2,16,4030,6.22,720.0,1520.0,13.0,8.0
Vivo V15 Pro,28000,6,128,3700,6.39,1080.0,2316.0,48.0,32.0
OPPO K1,14499,4,64,3500,6.4,2340.0,1080.0,16.0,25.0
Yu Ace,6595,3,32,4000,5.45,1440.0,720.0,13.0,5.0
Xiaomi Redmi Y2 (4GB RAM + 64GB),13499,4,64,3080,5.99,720.0,1440.0,12.0,16.0
Vivo Y71 (4GB RAM),18000,4,32,3360,6.0,720.0,1440.0,13.0,5.0
Asus Zenfone Max Pro M1 (3GB RAM + 32GB),9499,3,32,5000,5.99,1080.0,2160.0,13.0,8.0
Vivo V9,16000,4,64,3260,6.3,2280.0,1080.0,16.0,24.0
Voto V2i,3490,2,32,3000,5.0,720.0,1280.0,13.0,8.0
Samsung Galaxy S9 Plus,39999,6,64,3500,6.2,1440.0,2960.0,12.0,8.0
Vivo V7,13990,4,32,3000,5.7,720.0,1440.0,16.0,24.0
Micromax Bharat 2 Plus,3490,1,8,1600,4.0,480.0,800.0,5.0,2.0
Lyf C451,2943,1,8,2800,4.5,480.0,854.0,5.0,2.0
Xiaomi Mi A1,13990,4,64,3080,5.5,1080.0,1920.0,12.0,5.0
Vivo Y53,10990,2,16,2500,5.0,960.0,540.0,8.0,5.0
BlackBerry Passport,26999,3,32,3450,4.5,1440.0,1440.0,13.0,2.0
iKall K350 New,4999,3,32,4000,6.0,480.0,960.0,8.0,5.0
Oukitel WP17,36799,8,256,8300,6.78,1080.0,2400.0,64.0,16.0
iKall Z13,6399,4,64,5000,6.53,720.0,1520.0,20.0,13.0
iKall K401 Pro,6199,4,64,4000,6.26,720.0,1520.0,16.0,13.0
iKall Z14,6799,4,64,5000,6.82,720.0,1600.0,20.0,13.0
iKall K401 New,6283,4,64,4000,6.26,720.0,1520.0,16.0,13.0
iQOO Z6 4G (8GB RAM + 128GB),17990,8,128,5000,6.44,1080.0,2400.0,50.0,16.0
Realme GT Neo 3 5G (8GB RAM + 256GB),38999,8,256,5000,6.7,1080.0,2412.0,50.0,16.0
Xiaomi Redmi Note 11 Pro 4G (8GB RAM + 128GB),19700,8,128,5000,6.67,1080.0,2400.0,108.0,16.0
Lava X2,6999,2,32,5000,6.5,720.0,1600.0,8.0,5.0
Nokia C21 Plus,7999,3,32,5050,6.52,720.0,1600.0,13.0,5.0
iQOO 9 Pro 5G (12GB RAM + 256GB),64990,12,256,4700,6.78,1440.0,3200.0,50.0,16.0
Vivo Y21A,13499,4,64,5000,6.51,720.0,1600.0,13.0,8.0
Vivo Y20T,15490,6,64,5000,6.51,1600.0,720.0,13.0,8.0
Apple iPhone 13 Mini (512GB),94900,4,512,2438,5.4,1080.0,2340.0,12.0,12.0
Infinix Hot 11S (4GB RAM + 128GB),11999,4,128,5000,6.78,1080.0,2480.0,50.0,8.0
Samsung Galaxy Z Fold 3 5G (12GB RAM + 512GB),101800,12,512,4400,7.6,1768.0,2208.0,0.0,0.0
Realme Narzo 30 (6GB RAM + 64GB),14499,6,64,5000,6.5,1080.0,2400.0,48.0,16.0
Poco F3 GT 5G (8GB RAM+128GB),34999,8,128,5065,6.67,1080.0,2400.0,64.0,16.0
Micromax IN Note 2,12490,4,64,5000,6.43,1080.0,2400.0,48.0,16.0
Tecno Spark Go 2021,8998,2,32,5000,6.52,720.0,1600.0,13.0,8.0
Xiaomi Mi 11X Pro 5G (8GB RAM + 256GB),33994,8,256,4520,6.67,1080.0,2400.0,108.0,20.0
Realme C21 (4GB RAM + 64GB),9999,4,64,5000,6.5,1600.0,720.0,13.0,5.0
Tecno Spark 7,7699,2,32,6000,6.5,720.0,1600.0,16.0,8.0
Samsung Galaxy A72 (8GB RAM + 256GB),37999,8,256,5000,6.7,1080.0,2400.0,64.0,32.0
Telefono S1,4999,3,32,3500,6.0,1920.0,1080.0,5.0,5.0
Micromax IN 1,9999,4,64,5000,6.67,1080.0,2400.0,48.0,8.0
Nokia G10,11498,4,64,5050,6.52,720.0,1600.0,13.0,8.0
Realme C25,9999,4,64,6000,6.5,1600.0,720.0,13.0,8.0
Motorola Moto G10 Power,10999,4,64,6000,6.51,1600.0,720.0,48.0,8.0
Vivo Y20A,10999,3,64,5000,6.51,720.0,1600.0,13.0,8.0
Tecno Spark 6 Go,8700,4,64,5000,6.52,1600.0,720.0,13.0,8.0
Realme C20,7499,2,32,5000,6.5,1600.0,720.0,8.0,5.0
Oppo A15s,11799,4,64,4230,6.52,720.0,1600.0,13.0,8.0
Realme Narzo 30A,9490,3,32,6000,6.51,720.0,1600.0,13.0,8.0
Vivo V20 (8GB RAM + 256GB),26990,8,256,4000,6.44,1080.0,2400.0,64.0,44.0
itel A48,5540,2,32,3000,6.1,720.0,1520.0,5.0,5.0
Realme Narzo 20A (4GB RAM + 64GB),10090,4,64,5000,6.5,720.0,1600.0,12.0,8.0
Realme Narzo 20 (4GB RAM + 128GB),11499,4,128,6000,6.5,720.0,1600.0,48.0,8.0
Realme X7 Pro,29999,8,128,4500,6.55,1080.0,2400.0,64.0,32.0
Realme C15 (4GB RAM + 64GB),10990,4,64,6000,6.52,720.0,1600.0,13.0,8.0
Gionee Max,5999,2,32,5000,6.1,720.0,1560.0,13.0,5.0
Realme C12,9390,3,32,6000,6.52,720.0,1600.0,13.0,5.0
Xiaomi Redmi Note 9 (6GB RAM + 128GB),14985,6,128,5020,6.53,1080.0,2340.0,48.0,13.0
Nokia 2.4,7999,3,64,4500,6.5,1600.0,720.0,13.0,5.0
Lava Z61 Pro,5099,2,16,3100,5.45,720.0,1440.0,8.0,5.0
POCO M2 Pro (6GB RAM + 64GB),14890,6,64,5000,6.67,1080.0,2400.0,48.0,16.0
Infinix Hot 9 Pro,9990,4,64,5000,6.6,1600.0,720.0,48.0,8.0
Realme Narzo 10,12490,4,128,5000,6.5,720.0,1600.0,48.0,16.0
Realme 5i (4GB RAM + 128GB),11999,4,128,5000,6.52,720.0,1600.0,12.0,8.0
Oppo Reno 3 Pro (8GB RAM + 256GB),35900,8,256,4025,6.4,1080.0,2400.0,64.0,0.0
Poco X2 (6GB RAM + 128GB),17997,6,128,4500,6.67,1080.0,2400.0,64.0,0.0
Realme 6,12690,4,64,4300,6.5,1080.0,2400.0,64.0,16.0
Oppo A5 2020 (4GB RAM + 64GB),13990,4,64,5000,6.5,720.0,1600.0,12.0,8.0
Realme XT (8GB RAM + 128GB),18990,8,128,4000,6.4,1080.0,2340.0,64.0,16.0
Realme XT (6GB RAM + 64GB),15999,6,64,4000,6.4,1080.0,2340.0,64.0,16.0
Oppo A9 2020 (4GB RAM + 128GB),16387,4,128,5000,6.5,720.0,1600.0,48.0,16.0
Samsung Galaxy A50s (6GB RAM + 128GB),25500,6,128,4000,6.4,1080.0,2340.0,48.0,32.0
Oppo Reno 2Z,29999,8,256,4000,6.53,1080.0,2340.0,48.0,16.0
OPPO F11 (6GB RAM + 128GB),15990,6,128,4020,6.5,1080.0,2340.0,48.0,16.0
Xiaomi Redmi 7A (2GB RAM + 32GB),6900,2,32,4000,5.45,720.0,1440.0,12.0,5.0
Realme X (8GB RAM + 128GB),19599,8,128,3765,6.53,1080.0,2340.0,48.0,16.0
Vivo Y93 (3GB RAM + 64GB),13000,3,64,4030,6.2,1520.0,720.0,13.0,8.0
Vivo Y81 (4GB RAM + 32GB),15000,4,32,3260,6.22,1520.0,720.0,13.0,5.0
Samsung Galaxy J2 Core,6499,1,8,2600,5.0,540.0,960.0,8.0,5.0
Asus Zenfone Max Pro M1 (6GB RAM + 64GB),14999,6,64,5000,5.99,1080.0,2160.0,16.0,16.0
Xiaomi Redmi 5,9999,4,64,3300,5.7,720.0,1440.0,12.0,5.0
Xiaomi Mi A2,10799,4,64,3010,5.99,1080.0,2160.0,20.0,20.0
Samsung Galaxy C7 Pro,25390,4,64,3300,5.7,1080.0,1920.0,16.0,16.0
Lyf Wind 4S,3690,2,16,4000,5.0,720.0,1280.0,8.0,5.0
Google Pixel XL,17490,4,32,3450,5.5,1440.0,2560.0,12.3,8.0
Micromax Canvas Xpress 4G Q413,4999,2,16,2000,5.0,720.0,1280.0,8.0,2.0
iKall Z17,6649,4,64,5000,6.82,720.0,1600.0,20.0,13.0
Xiaomi Redmi 10 Prime 2022 (6GB RAM + 128GB),16999,6,128,6000,6.5,1080.0,2400.0,50.0,8.0
iKall K470 New,5949,4,32,4000,6.26,720.0,1520.0,16.0,13.0
iKall Z12,7299,4,64,5000,6.53,720.0,1520.0,20.0,13.0
Lava Z3 Pro,7498,3,32,5000,6.5,1600.0,720.0,8.0,5.0
Realme GT Neo 3 Thor Limited Edition,42999,12,256,5000,6.7,1080.0,2412.0,50.0,16.0
iKall K475 New,6999,4,64,4000,6.26,720.0,1520.0,13.0,16.0
iKall Z9,4999,3,32,4000,5.99,720.0,1520.0,8.0,5.0
iKall Z10 New,6699,4,64,5000,6.53,720.0,1600.0,20.0,13.0
iKall K570 New,7999,4,64,5000,6.53,480.0,960.0,20.0,13.0
iKall Z6 Pro,6949,4,64,4000,6.26,1520.0,720.0,16.0,13.0
Xiaomi Redmi 10 Prime 2022,12499,4,64,6000,6.5,1080.0,2400.0,50.0,8.0
Infinix Note 11S,13999,6,64,5000,6.95,1080.0,2460.0,50.0,16.0
Nokia C30 (4GB RAM + 64GB),10184,4,64,6000,6.82,720.0,1600.0,13.0,5.0
Lava Z2C,5890,2,32,5000,6.52,1600.0,720.0,13.0,5.0
Realme GT Neo2 5G (12GB RAM + 256GB),35999,12,256,5000,6.62,2400.0,1080.0,64.0,16.0
Apple iPhone 13 Pro (512GB),149900,6,512,3095,6.1,1170.0,2532.0,12.0,12.0
itel Vision 2S,6090,2,32,5000,6.52,720.0,1600.0,8.0,5.0
Vivo Y12G,10699,3,32,5000,6.51,720.0,1600.0,13.0,8.0
Infinix Smart 5A,7199,2,32,5000,6.52,720.0,1560.0,8.0,8.0
Realme Narzo 30 (6GB RAM + 128GB),15499,6,128,5000,6.5,1080.0,2400.0,48.0,16.0
Infinix Hot 11,9999,4,64,5200,6.6,1080.0,2408.0,13.0,8.0
Realme C25s (4GB RAM + 128GB),11700,4,128,6000,6.5,720.0,1600.0,13.0,8.0
Tecno Spark 7 Pro (6GB RAM + 64GB),10199,6,64,5000,6.6,720.0,1600.0,48.0,8.0
Nokia C30,9400,3,32,6000,6.82,720.0,1600.0,13.0,5.0
Lava Z2 Max,7799,2,32,6000,7.0,1640.0,720.0,13.0,8.0
Realme C25s,10200,4,64,6000,6.5,720.0,1600.0,13.0,8.0
OPPO A53s 5G,17990,6,128,5000,6.52,720.0,1600.0,13.0,8.0
Samsung Galaxy F12 (4GB RAM + 128GB),11499,4,128,6000,6.5,720.0,1600.0,48.0,8.0
LG W41,12999,4,64,5000,6.55,720.0,1600.0,48.0,8.0
Nokia 5.4 (6GB RAM + 64GB),12699,6,64,4000,6.39,1560.0,720.0,48.0,16.0
Motorola Moto E7 Power,9499,4,64,5000,6.5,720.0,1600.0,13.0,5.0
Realme C21,9499,3,32,5000,6.5,1600.0,720.0,13.0,5.0
Samsung Galaxy S21 Plus 5G (8GB RAM + 256GB),85999,8,256,4800,6.7,1080.0,2400.0,64.0,10.0
Lava Z3,7498,3,32,5000,6.5,1600.0,720.0,8.0,5.0
Xiaomi Redmi 9 Power (4GB RAM + 128GB),14990,4,128,6000,6.53,1080.0,2340.0,48.0,8.0
Infinix Smart HD 2021,6499,2,32,5000,6.1,1560.0,720.0,8.0,5.0
Lava BE U,5990,2,32,4060,6.08,1560.0,720.0,13.0,8.0
Nokia 5.4,11398,4,64,4000,6.39,1560.0,720.0,48.0,16.0
Coolpad Cool 3 (3GB RAM + 32GB),5899,3,32,3000,5.71,1080.0,2080.0,13.0,8.0
CAT S42,21999,3,32,4200,5.5,1440.0,720.0,13.0,0.0
Micromax IN Note 1 (4GB RAM + 128GB),10989,4,128,5000,6.67,1080.0,2400.0,48.0,16.0
Micromax IN 1b (4GB RAM + 64GB),7999,4,64,5000,6.52,720.0,1600.0,13.0,8.0
Samsung Galaxy M02,8499,2,32,5000,6.5,720.0,1600.0,13.0,5.0
Oppo A33 2020,10490,3,32,5000,6.5,720.0,1600.0,13.0,8.0
Realme Narzo 20 Pro,13990,6,64,4500,6.5,1080.0,2400.0,48.0,16.0
Realme Narzo 20A,8499,3,32,5000,6.5,720.0,1600.0,12.0,8.0
Realme 7i,13490,4,64,5000,6.5,720.0,1600.0,64.0,16.0
Vivo Y20i,12490,3,64,5000,6.51,720.0,1600.0,13.0,8.0
OPPO A52 (4GB RAM + 128GB),15049,4,128,5000,6.5,1080.0,2400.0,12.0,16.0
Realme C15,9490,3,32,6000,6.52,720.0,1600.0,13.0,8.0
POCO M2 Pro (6GB RAM + 128GB),16999,6,128,5000,6.67,1080.0,2400.0,48.0,16.0
Oppo A12 (4GB RAM + 64GB),10499,4,64,4230,6.22,1520.0,720.0,13.0,5.0
Xiaomi Redmi Note 9 (4GB RAM + 128GB),13499,4,128,5020,6.53,1080.0,2340.0,48.0,13.0
Apple iPhone SE 2020 (256GB),54900,3,256,1821,4.7,750.0,1334.0,12.0,7.0
Realme X3 SuperZoom Edition,26130,8,128,4200,6.57,1080.0,2400.0,64.0,0.0
Realme Narzo 10A,9290,3,32,5000,6.5,720.0,1600.0,12.0,5.0
iKall K2 Plus,5699,4,64,3000,5.5,720.0,1560.0,8.0,5.0
Xiaomi Redmi 8A Dual,7499,2,32,5000,6.22,720.0,1520.0,13.0,8.0
Realme C3,8999,3,32,5000,6.52,720.0,1600.0,12.0,5.0
Vivo U20 (6GB RAM + 64GB),15000,6,64,5000,6.53,1080.0,2340.0,16.0,16.0
Vivo U20,15000,4,64,5000,6.53,1080.0,2340.0,16.0,16.0
Realme X2 Pro,25900,8,128,4000,6.5,1080.0,2400.0,64.0,16.0
iKall K200,4299,2,16,2500,5.5,480.0,960.0,5.0,2.0
Realme 3i (4GB RAM + 64GB),10499,4,64,4230,6.22,720.0,1520.0,13.0,13.0
Realme 3i,7845,3,32,4230,6.22,720.0,1520.0,13.0,13.0
Realme C2 (3GB RAM + 32GB),7999,3,32,4000,6.1,720.0,1560.0,13.0,5.0
Samsung Galaxy M40,20499,6,128,3500,6.3,1080.0,2340.0,32.0,16.0
Samsung Galaxy A50 (6GB RAM + 64GB),23990,6,64,4000,6.4,1080.0,2340.0,25.0,25.0
Xiaomi Redmi Note 7 (3GB RAM + 32GB),9490,3,32,4000,6.3,2340.0,1080.0,12.0,13.0
Xiaomi Redmi Note 7,12999,4,64,4000,6.3,2340.0,1080.0,12.0,13.0
Realme C1,7190,2,16,4230,6.2,720.0,1520.0,13.0,5.0
Realme 2 Pro,12900,4,64,3500,6.3,1080.0,2340.0,16.0,16.0
Realme 2,10990,4,64,4230,6.2,720.0,1520.0,13.0,8.0
Tecno Camon i Twin,10168,3,32,4000,6.0,720.0,1440.0,13.0,13.0
Samsung Galaxy A6 (4GB RAM + 64GB),10990,4,64,3000,5.6,720.0,1480.0,16.0,16.0
Asus Zenfone Max Pro M1,13999,4,64,5000,5.99,1080.0,2160.0,13.0,8.0
Gionee S11 lite,6999,4,32,3030,5.7,720.0,1440.0,13.0,16.0
iKall K2,3989,1,8,2200,5.0,854.0,480.0,5.0,0.0
Huawei Honor 9 Lite (3GB RAM + 32GB),10499,3,32,3000,5.65,1080.0,2160.0,13.0,0.0
Samsung Galaxy On Max,11900,4,32,3300,5.7,1080.0,1920.0,13.0,13.0
Vivo V5s,21000,4,64,3000,5.5,720.0,1280.0,13.0,20.0
Motorola Moto E4 Plus,8999,3,32,5000,5.5,720.0,1280.0,13.0,5.0
Samsung Galaxy J3 Pro,8490,2,16,2600,5.0,720.0,1280.0,8.0,5.0
Google Pixel 2,19000,4,128,2700,5.0,1080.0,1920.0,12.2,8.0
Lyf F1s,5099,3,32,3000,5.2,1080.0,1920.0,16.0,5.0
Swipe Elite Sense,4100,3,32,2500,5.0,1280.0,720.0,13.0,8.0
Lyf Flame 7,2790,1,8,1750,4.0,480.0,800.0,5.0,2.0
Lyf Water 10,3499,3,16,2300,5.0,720.0,1280.0,13.0,5.0
Lyf Wind 4,3190,1,8,4000,5.0,1280.0,720.0,8.0,2.0
Vivo V3,17500,3,32,2550,5.0,720.0,1280.0,13.0,8.0
Lyf Water 1,3649,2,16,2600,5.0,1080.0,1920.0,13.0,5.0
Samsung Galaxy J7,8990,5,16,3000,5.5,720.0,1280.0,13.0,5.0
Huawei Honor 6,9800,3,16,3100,5.0,1080.0,1920.0,13.0,5.0
